,name,id
812,AARHUS LUFTHAVN,SN607000
645,AASTA HANSTEEN,SN77040
1759,ABBEVILLE,SN700500
38,ABERPORTH,SN350200
1776,ADAK D,SN214720
530,ADVENTDALEN,SN99870
92,ADVENTDALEN - ICE-WEDGE,SN99877
509,ADVENTDALEN - INNERHYTTA PINGO,SN99879
1282,ADVENTDALEN - LOESS TERRACE,SN99869
1389,ADVENTDALEN - UPPER SNOWDRIFT,SN99872
352,AHTARI MYLLYMAKI,SN292400
1516,AJACCIO,SN776100
1348,AKHISAR,SN1718400
1036,AKSELØYA,SN99765
649,ALBACETE/LOS LLANOS,SN828000
608,ALDERGROVE,SN391700
1252,ALEXANDROUPOLI (AIRPORT),SN1662700
1683,ALICANTE,SN835900
1471,ALMERIA/AEROPUERTO,SN848700
1231,ALTA LUFTHAVN,SN93140
997,ALVDAL,SN8880
370,AMOT,SN244000
1910,AMSTERDAM AP SCHIPHOL,SN624000
15,ANDØYA,SN87110
1294,ANDØYA - TROLLTINDEN,SN87120
994,ANESTØLEN,SN55740
1139,ARAD,SN1520000
1821,ARE,SN221700
668,ARENDAL BRANNSTASJON II,SN36110
1664,ARENDAL LUFTHAVN,SN36330
1794,ARENDAL SENTRUM,SN36055
1131,ARJEPLOG,SN212400
1671,ARJEPLOG-MYRHEDEN D,SN212420
395,ARKONA,SN1009100
1033,ARNØYA - LANGFJORDEN,SN91726
1168,ARNØYA - TROLLTINDEN,SN91729
310,ARNØYHAMN,SN91727
348,ARSTADTAJET,SN12210
1948,ARVIKA,SN241100
1165,ASELE,SN225400
284,ASKER,SN19710
1275,ASKER - NESBRU,SN19670
827,ASKER - VARDÅSEN,SN19760
1767,ASKER - VOLLEN,SN19780
949,ASKER BRANNSTASJON II,SN19718
953,ASKER − BØDALEN,SN19790
1731,ASKIM - KYKKELSRUD,SN3720
1784,ASKIM II,SN3810
1271,ATHINAI HELLINIKON,SN1671600
621,ATNDALEN - RØNNINGEN,SN8450
267,ATNSJØEN,SN8720
1118,AUNET,SN68420
1530,AURE,SN65145
992,AUREVANN,SN19530
1265,AURLAND,SN53700
1655,AURSKOG II,SN2650
903,AURSUND,SN10600
498,AUSTEVOLL,SN50175
1248,AVASJÖ-BORGAFJÄLL D,SN211030
905,AVESTA,SN248210
1962,Akershus fylke,GF2
1969,Aust-Agder fylke,GF9
190,BACKE D,SN224310
1440,BAJA,SN1296000
238,BAKKE,SN42720
1814,BAKKO I HOL,SN25540
944,BAKKO I HOL II,SN25541
1415,BALESTRAND - BALE,SN55928
1843,BALESTRAND BRANNSTASJON,SN55930
980,BALIKESİR HAVALİMANI,SN1715000
896,BALSJÖ D,SN226310
1339,BANAK,SN95350
1602,BARCELONA/AEROPUERTO,SN818100
321,BARDAL,SN78350
1945,BARDUFOSS,SN89350
1523,BARDUFOSS - RUSTAFJELLET,SN89360
1754,BARLAD,SN1519700
198,BASURA,SN47610
1820,BATERØD,SN3200
1848,BEITO,SN23560
334,BEITOSTØLEN II,SN23550
1839,BEJA (8562-0),SN856200
897,BELMULLET,SN397600
290,BENGTSFORS D,SN240830
164,BEOGRAD/SURCIN,SN1327200
1733,BERGEBYDALEN,SN98974
1739,BERGELIGREND,SN30860
790,BERGEN - FLORIDA,SN50540
1085,BERGEN - FLORIDA UIB,SN50539
857,BERGEN - SANDSLI,SN50480
1134,BERLEVÅG LUFTHAVN,SN98090
1827,BERLIN-TEMPELHOF,SN1038400
1900,BESSAKER,SN71900
1940,BIALYSTOK,SN1229500
628,BIARRITZ-ANGLET,SN760200
1585,BIRI,SN11900
68,BIRTAVARRE - HOLMEN,SN91551
1096,BJERKA - VALLA,SN78370
65,BJORLI,SN61630
1666,BJUROKLUBB,SN229700
661,BJÖRKUDDEN,SN202430
1191,BJØRKÅSEN,SN84070
1908,BJØRNFJELL,SN84900
1542,BJØRNHOLT,SN18500
1813,BJØRNØYA,SN99710
468,BJØRNØYA RADIOSONDESTASJON,SN99700
1772,BLAHAMMAREN A,SN221000
204,BLAIKEN D,SN212620
1169,BLANKTJERNMOEN I KVIKNE,SN9870
1048,BLEKSLITJERN,SN17780
557,BLOMSKOG,SN240800
662,BLOMVÅG - SELE,SN52475
455,BLÅSJØ,SN40510
72,BODØ - SKIVIKA,SN82310
1538,BODØ VI,SN82290
246,BONES I BARDU,SN88100
1198,BORDEAUX MERIGNAC,SN751000
1457,BORGE - BERG,SN3015
464,BORGUND - LO,SN54320
502,BORGVATTNET D,SN224740
878,BORLANGE,SN243500
1355,BORNHOLMS LUFTHAVN,SN619000
476,BORSÆ,SN37570
559,BORTNAN,SN231900
1578,BORÅS,SN253610
323,BOSCOMBE DOWN,SN374600
1398,BOTNEN I FØRDE,SN57480
1545,BOTNHAMN,SN88660
1004,BOTOSANI,SN1502000
1451,BOULMER,SN324000
797,BOURGES,SN725500
314,BRAGANCA (8575-0),SN857500
641,BRAGE,SN76959
1741,BRANDAL II,SN59570
35,BRATTMON,SN241300
341,BREDBYN D,SN226520
145,BREINOSA - BLOCKFIELD PLATEAU,SN99862
1097,BREIVIKEIDET,SN91020
445,BREIVOLL,SN71750
179,BREKKE I SOGN,SN52930
1450,BREKKE SLUSE,SN1400
149,BREMEN,SN1022400
343,BREST,SN3300800
1449,BREST-GUIPAVAS,SN711000
927,BREVIK,SN30248
183,BRINDISI,SN1632000
837,BRNO/TURANY,SN1172300
1589,BROVALLEN,SN248110
1126,BRUNKOLLEN,SN19461
1088,BRUSDALEN,SN60875
937,BRUSDALSVATN II,SN60890
1054,BRUSSELS NATIONAL (AIRPORT),SN645100
883,BRÄNNBERG D,SN217320
84,BRÅTÅ - SLETTOM,SN15730
1371,BRØNNØYSUND LUFTHAVN,SN76330
437,BUCURESTI BANEASA,SN1542000
1924,BUDAPEST/PESTSZENTLORINC,SN1284300
1915,BUHOLMRÅSA FYR,SN71990
685,BULKEN,SN51470
1363,BURAN,SN69960
976,BURSA,SN1711600
1691,BUSNES,SN30875
535,BYGLANDSFJORD - NESET,SN39750
394,BYKLE - KULTRAN,SN40420
1966,Buskerud fylke,GF6
412,BÅTSFJORD - STRAUMSNESAKSLA,SN98360
923,BÆRUM - HAMANGSKOGEN,SN19455
832,BÆRUM - HØVIK,SN19428
254,BÆRUM - STORØYA,SN19405
62,BÆRUMS VERK,SN19525
915,BØ,SN32240
1456,BØ I VESTERÅLEN III,SN86740
913,BØRSELV II,SN95590
667,BØVERDAL,SN15430
787,BØYLEFOSS,SN36490
1564,CACERES (8261-0),SN826100
289,CAEN-CARPIQUET,SN702700
1903,CAMBORNE,SN380800
374,CANAKKALE,SN1711200
793,CAPO BELLAVISTA,SN1655000
191,CAPO FRASCA,SN1653900
449,CAPO MELE,SN1615300
720,CAPO PALINURO,SN1631000
400,CHOJNICE,SN1223500
1306,CIUDAD REAL,SN834800
188,CLAREMORRIS,SN397000
1080,CLERMONT-FERRAND,SN746000
1206,CLUJ-NAPOCA,SN1512000
1121,COGNAC,SN741200
1905,COZZO SPADARO,SN1648000
1932,CROTONE,SN1635000
244,CUOVDDATMOHKKI,SN97350
1555,CUXHAVEN,SN1013100
380,CZESTOCHOWA,SN1255000
1000,Chernivtsi,SN3365800
161,DAGALI LUFTHAVN,SN29720
1883,DALA-JÄRNA D,SN241010
1898,DAVIKNES,SN57850
307,DE BILT AWS,SN626000
25,DE KOOIJ VK,SN623500
1804,DEBRECEN repülőtér,SN1288200
418,DEEPSEA NORDKAPP,SN77043
847,DEVA,SN1523000
1653,DIGERNÄSET D,SN222110
595,DIJON-LONGVIC,SN728000
1386,DIVIDALEN II,SN89940
854,DOBERLUG-KIRCHHAIN,SN1049000
989,DOMBÅS - NORDIGARD,SN16560
677,DOVLAND,SN38380
1866,DOVRE-LANNEM,SN16400
67,DRAG - AJLUOKTA,SN83710
673,DRAMMEN - AUSTAD,SN26932
155,DRAMMEN - BANGELØKKA,SN26580
59,DRAMMEN - BERSKOG,SN26900
336,DRAMMEN - BRAGERNES SKOLE,SN26852
703,DRAMMEN - DANVIK,SN26594
218,DRAMMEN - GULSKOGEN,SN26894
1157,DRAMMEN - JARLSBERGVEIEN,SN27015
1331,DRAMMEN - SLETTA,SN26590
1435,DRAMMEN - SOLUMSTRAND,SN26934
1509,DRAMMEN - ÅSSIDEN,SN26898
743,DRAMMEN - ØREN SKOLE,SN26872
52,DRAMMEN SYKEHUS,SN26864
1536,DRAMMEN TINGHUS,SN26862
50,DRANGEDAL-REFSDALSKILEN,SN34580
1462,DRAUGEN,SN76925
538,DRAUPNER,SN20954
58,DRAVAGEN,SN231700
792,DRESDEN-KLOTZSCHE,SN1048800
1535,DREVSJØ,SN700
1576,DRIVDALEN,SN63820
1338,DROBETA-TURNU SEVERIN,SN1541000
917,DUBLIN AIRPORT,SN396900
1075,DUBROVNIK/CILIPI,SN1447400
1588,DUEKNIPEN,SN39210
1832,E10 AKKARVIKA,SN85645
519,E10 BJØRNFJELL,SN84905
243,E10 GIMSØYSTRAUMEN BRU,SN85480
1172,E10 KÅKERN BRU,SN85640
1438,E10 SKITDALSHØGDA,SN84910
1483,E10 TJELDSUNDBRUA ØST,SN87763
701,E10 TROLLVIKDAL,SN84920
497,E12 UMBUKTA,SN79253
470,E134 AMBJØRNDALEN,SN31855
4,E134 DARBU,SN26640
1947,E134 FJÆRA,SN47730
1122,E134 GRØNLIHEIA,SN33430
1583,E134 GVAMMEN,SN31853
545,E134 HAUKELIFJELL,SN33990
106,E134 KARMSUNDBRUA,SN47275
1454,E134 MEHEIA,SN28450
1505,E134 MIDTLÆGER,SN46510
565,E134 RØLDALSTUNNELEN AUST,SN46425
1148,E134 VATS,SN47480
1571,E134 VINJE,SN33555
769,E136 BJORLI,SN61620
1390,E136 BRUSTUGLIA,SN61580
554,E136 HORGHEIM,SN61408
493,E136 LORA,SN16845
10,E136 TRESFJORDBRUA,SN61065
773,E136 ÅLESUND,SN60947
1897,E14 MEÅDAL,SN69280
1376,E14 TEVELDALEN,SN69520
1558,E16 BEGNADALEN,SN22690
185,E16 BEKKEHALLUM,SN20470
178,E16 BORGUND,SN54330
694,E16 DALSEID,SN51210
1259,E16 EGGEMOEN,SN20361
1344,E16 EIDESMOEN,SN51460
1334,E16 FILEFJELL V/SMEDDALEN,SN54645
158,E16 FLÅM,SN53280
1723,E16 GARDERMOEN,SN4725
1226,E16 HALLINGBY,SN22200
168,E16 HONING BRU,SN54590
499,E16 INDRE ARNA,SN50830
919,E16 KALPLASSEN,SN22990
1485,E16 LANGHUSO,SN53230
135,E16 ROMERIKSÅSEN,SN4590
1,E16 RYFOSS,SN23670
21,E16 SKUI,SN19660
1736,E16 SOLLIHØGDA VEST,SN19663
453,E16 VINJE VEST,SN51940
904,E16 VOSS NORD,SN51610
1480,E16 ØYERMOEN,SN2970
249,E18 FARSJØ,SN34370
971,E18 FOKSERØD,SN27730
1029,E18 GRELLAND,SN27075
770,E18 GULLI NORD,SN27285
1815,E18 HASLESTAD,SN36010
1154,E18 HEM NORD,SN27320
719,E18 HJORTNES,SN18690
1645,E18 HOLSTAD,SN17875
429,E18 INNTJORHEIA,SN38150
1677,E18 LANNER,SN30247
177,E18 LIERSKOGEN,SN19923
308,E18 MELLEBY,SN3480
381,E18 PAULER,SN30246
257,E18 RØDBØL,SN27785
1789,E18 SANDVIKA,SN19430
655,E18 SMAALENENE VIND,SN3731
1381,E18 SMÅLENENES BRU,SN3730
921,E18 SPRANGFOSS BRU,SN34115
373,E18 STOKKEBAKKEN,SN34095
1622,E18 STUDEVANN,SN38250
141,E18 SVARTSKOG,SN17895
1943,E18 VASSBOTN,SN30244
1491,E18 VESTMARKA,SN30020
945,E18 ØDEGÅRDENS VERK,SN34100
864,E18 ØRJE VEST,SN1960
91,E39 AKSDAL SØR,SN47060
1727,E39 BRUSDALEN,SN60880
1774,E39 DRAGSUNDET,SN60835
556,E39 DRANGSDALEN,SN43007
1319,E39 EIKJE,SN47055
225,E39 FIDJANE,SN39212
1245,E39 FINNESTAD,SN44567
1267,E39 FJØSANGERVEIEN,SN50506
1862,E39 FLÅSKJÆR,SN59860
1641,E39 FORUS,SN44710
983,E39 FURSETFJELLET,SN62200
1208,E39 GJEMNESSUNDBRUA,SN62950
248,E39 HALBRENDSLIA,SN57150
484,E39 HEMNEKJØLEN,SN65275
1597,E39 KALLFOSS,SN67005
1074,E39 KLAKEGG,SN58165
1354,E39 KRINGLA,SN52940
1182,E39 KVIVSVEIEN,SN69661
826,E39 LOTETUNNELEN,SN58770
30,E39 LØNNSET,SN62240
1561,E39 MEHAMMAR,SN48170
1519,E39 MONANKRYSSET,SN39970
113,E39 NORDHORDLANDSBRUA,SN52452
914,E39 OSESTAD,SN41795
1253,E39 OSTEREIDET,SN52390
1690,E39 REED,SN58060
1673,E39 REGEVIK,SN42700
1805,E39 RENNESØY,SN44605
1484,E39 ROMARHEIMDALEN,SN52360
1020,E39 SANDE BRU,SN56790
908,E39 SOLAVÅGEN FERGEKAI,SN60860
281,E39 STORDABRUA,SN48070
1223,E39 SUVATNET,SN41005
409,E39 SVEIO,SN47445
55,E39 SØYLAND,SN44485
1190,E39 UALAND,SN43490
160,E39 VALSØYFJORDEN,SN65060
261,E39 VASSENDEN,SN57365
402,E39 VATLAND,SN41990
671,E39 VÅGSBOTN,SN50815
215,E39 ÅBERGSDALEN,SN56250
588,E39 ØRSKOGFJELL,SN61070
626,E39 ØYSAND,SN67153
1918,E6 AISAROAIVI,SN94195
1860,E6 ANDELVA,SN11125
839,E6 AVSJØEN,SN16620
1950,E6 BARTA,SN97120
1310,E6 BUVATNET,SN67340
609,E6 DJUPDALEN,SN18265
1160,E6 DJUPVIK,SN91675
1549,E6 DRIVSTUA,SN63880
690,E6 ESPA,SN12030
1056,E6 FJERDINGEN,SN73630
862,E6 FOKSTUGU,SN16611
818,E6 FRYA,SN13390
1490,E6 FURUSET,SN18240
413,E6 FÅBERG,SN13110
132,E6 GANDVIKBAKKEN,SN99090
184,E6 GRATANGSFJELLET,SN88010
1359,E6 GRØNBAKKEN,SN63940
46,E6 HEIA,SN90250
936,E6 HEIMDAL,SN68238
304,E6 HJERKINN,SN9303
384,E6 HORG,SN67210
872,E6 HÅLOGALANDSBRUA,SN84770
326,E6 INGEDAL,SN3005
657,E6 KARLSHUS,SN17090
1614,E6 KIRKENES SYD,SN99420
596,E6 KRÅKMOFJELLET,SN82970
1202,E6 KVAM,SN70980
1705,E6 KVÅL,SN67175
1544,E6 KVÆNANGSFJELLET,SN91890
1100,E6 LANGFJORDBOTN,SN92895
1625,E6 MAJAVATN,SN77403
1729,E6 MALVIK,SN69035
1752,E6 MINNESUND,SN11463
3,E6 MJØSBRUA,SN12590
982,E6 MOHOLTLIA,SN68175
1337,E6 NAMSSKOGAN,SN74670
722,E6 NORDNES,SN91505
430,E6 NØSTVET,SN17820
1017,E6 OPPDAL,SN63725
691,E6 OSEN,SN78170
300,E6 ROSTEN,SN16265
728,E6 RUDSHØGDA,SN12580
888,E6 SALTFJELLET ,SN79791
808,E6 SKJELLESVIKSKARET,SN83960
1935,E6 SKJOMENBRUA,SN84380
368,E6 SNÅSA,SN70960
256,E6 SOKNEDAL,SN67270
1079,E6 SONSVEIEN,SN17550
262,E6 TINGBERG,SN13125
1854,E6 TUSSVIKA,SN82020
692,E6 ULSBERG,SN66740
125,E6 VESTBY,SN17650
1833,E6 VIEN,SN12291
1149,E6 VIKSELV,SN12050
975,E6 VINGNES,SN12666
64,E6 YTTERVIKA,SN79215
1214,E6 ÅSEN,SN69625
731,E6 ØSE,SN87970
162,E69 NORDKAPP,SN94640
1958,E69 VEDBOTN,SN94805
107,E75 KOMAGVÆR,SN98630
858,E8 BOSSOVARRI,SN91490
1628,E8 GALGO,SN91480
1153,E8 GARDEBORGBAKKEN,SN91460
1822,E8 HALSEBAKKAN NEDRE,SN91420
1216,E8 LAVANGSDALEN,SN90305
480,E8 SANDVIKEIDET,SN90360
1073,ED D,SN250010
867,EDGEØYA - KAPP HEUGLIN,SN99735
778,EDIRNE,SN1705000
631,EIDE PÅ NORDMØRE,SN62900
1012,EIGERØYA,SN43350
291,EIK - HOVE,SN43010
817,EIKANGER - MYR,SN52400
699,EIKELAND,SN35090
1446,EIKEMO,SN47820
939,EIMHJELLEN,SN57660
414,EINAVATN,SN11710
1047,EINUNNA KRAFTVERK,SN8970
848,EKOFISK,SN76920
638,EKSINGEDAL,SN52170
601,ELLEFSPLASS,SN770
1601,EMBLEM,SN60850
86,ENDALEN,SN99868
97,ENEBAKK - BARBØL,SN4040
1670,ENGABREEN - SKJÆRET,SN80615
325,ENONTEKIO KILPISJARVI,SN280100
1646,ENONTEKIÖ KILPISJÄRVI SAANA,SN270100
918,ERESFJORD,SN61820
1761,ESBJERG LUFTHAVN,SN608000
1818,ESKDALEMUIR,SN316200
1957,ESKISEHIR HAVALIMANI,SN1712400
1931,ESRANGE,SN205410
1428,ETIMESGUT HAVALİMANI,SN1712900
1135,ETNE II,SN47498
868,EVANGER,SN51440
1412,EVENES LUFTHAVN,SN84970
74,EVENSTAD,SN8140
392,FAGARAS,SN1523500
1280,FAGERNES,SN23420
115,FAGERNES LUFTHAMN,SN23410
440,FAGERSTRAND,SN17775
1110,FAKKEN,SN90760
270,FALSTERBO,SN261600
1008,FALSTERBO A,SN261500
672,FALUN-LUGNET,SN243530
781,FANA - STEND,SN50450
1254,FARKOLLEN,SN99600
452,FAUSKANE,SN77034
527,FEDJE,SN52535
1407,FET I EIDFJORD,SN49800
1872,FF HELMER HANSSEN,SN77005
1921,FILEFJELL - KYRKJESTØLANE,SN54710
475,FILM,SN245600
436,FILMS KYRKBY,SN245615
1225,FINNESVATNET,SN98640
1569,FINSEVATN,SN25830
1027,FINSTAD - NYHUS,SN7920
1714,FISTER - SIGMUNDSTAD,SN45870
1404,FJORDGÅRD,SN88630
1533,FJÄLLSJÖNÄS,SN213530
1351,FJÆRLAND - BREMUSEET,SN55820
1055,FLEKKEFJORD,SN42650
835,FLESBERG,SN28750
1366,FLESLAND,SN50500
1891,FLISA II,SN6020
1686,FLORØ LUFTHAMN,SN57710
1704,FLYVESTATION AALBORG,SN603000
1375,FLYVESTATION KARUP,SN606000
1528,FLYVESTATION SKRYDSTRUP,SN611000
716,FLÅM - JOASETBERGI,SN53680
1607,FOKSTUGU,SN16610
1322,FOLDSÆ,SN37500
1474,FOLGEFONNA SKISENTER,SN49085
405,FOLGEFONNA SKISENTER TOPP,SN49087
1876,FOLLDAL - FREDHEIM,SN9160
1312,FOLLINGE,SN223100
1510,FON,SN27212
19,FORSE,SN224720
129,FOSSMARK,SN51010
1465,FOULUM,SN606900
1276,FREDRIKA,SN226300
48,FREDRIKSBERG,SN242610
1409,FREDRIKSTAD,SN3030
819,FREDRIKSTAD BRANNSTASJON,SN3019
715,FREIBURG,SN1080300
675,FRESVIK,SN53130
1508,FRITZLAR (FLUGPLATZ),SN1043900
1367,FROSTA,SN69655
802,FROSTVIKEN D,SN221920
1886,FRUHOLMEN FYR,SN94500
539,FRØYSET,SN52750
1868,FRØYSTUL,SN31500
142,FURENESET,SN56420
548,FV101 PRESTEBAKKE,SN1135
1239,FV115 HEMNES,SN2830
698,FV118 SVINESUND,SN2980
1256,FV120 RØDSUND,SN17400
505,FV13 GAULARFJELL - MJELL,SN56895
811,FV155 RÅKEN,SN17640
1675,FV169 ÅSERUD,SN2560
71,FV17 HØYLANDET,SN78910
1266,FV17 RØDHAMMER,SN72200
1591,FV17 SALTSTRAUMBRUA,SN81315
1681,FV17 SJONFJELLET,SN80050
764,FV17 TORSVIKA,SN80730
51,FV17 VÅG,SN76245
947,FV17 ÅSELIBRUA,SN81310
1049,FV170 KOMPVEIEN,SN4825
1511,FV172 HOLTER,SN4827
1316,FV175 FOLMO,SN4950
1406,FV181 FINSBRÅTAN,SN11060
1635,FV21 AREBEKKEN,SN1600
834,FV21 KROKSTAD,SN40
1290,FV21 TANGEN,SN2480
1078,FV211 HAGLEBU,SN26450
1882,FV217 STEINRUSTEN,SN52458
305,FV220 HOLENE BRU,SN1300
995,FV221 VALLDALSFJELL,SN725
508,FV24 RASAN ,SN5370
1158,FV24 STORSJØEN,SN5330
1750,FV250 VINGOMRÅSAN,SN21700
1639,FV2515 FILEFJELL V/VARDEN,SN54731
1773,FV26 SKARVEN,SN670
1423,FV280 ENDERUD BRU,SN24670
186,FV281 STORSAND HURUM,SN19815
1539,FV2830 NAKKERUD,SN24350
512,FV285 BØNESSKOGEN,SN50507
226,FV287 SANDSBRÅTEN,SN26230
54,FV289 HURUM,SN19830
1473,FV29 GRAVBEKKLIA,SN9250
1232,FV30 OSMOEN,SN10070
5,FV30 REITSTØA,SN67650
1566,FV30 RUGLDALEN,SN67890
1042,FV301 BERG KIRKE,SN30242
17,FV307 GRAVDAL,SN27295
1760,FV308 TJØME-BUDAL,SN27415
258,FV310 KOTTERUD,SN27130
551,FV312 HANEKLEIVA,SN27055
1781,FV313 BOGEN,SN27065
695,FV316 SAGLANDSBAKKEN,SN43530
806,FV316 TENGESDAL,SN44780
1170,FV319 SAGBUKTA,SN26970
999,FV32 KIKUT,SN30305
1064,FV33 FEIRING,SN11440
1605,FV33 TONSÅSEN,SN22890
1107,FV33 VARDALSÅSEN,SN11790
495,FV35 HEMSDALEN HOF,SN26750
1482,FV353 BRUMYRDAL,SN30280
358,FV355 VEUM,SN37600
66,FV37 JØNJILJO,SN31700
1719,FV37 RAULANDSFJELLET,SN31560
1188,FV38 BOSTRAK,SN34680
1665,FV40 DAGALIFJELL,SN29700
1176,FV40 RIENLIA,SN27870
977,FV40 VEGGLI,SN28923
278,FV42 HADDELANDSHEIA,SN42490
1391,FV42 TVERRA,SN43520
865,FV42 UNDELAND,SN39570
503,FV44 KVASSHEIM,SN43895
20,FV44 SÆLEBØ,SN43220
1674,FV45 DIRDAL,SN44970
1500,FV45 HUNNEDALEN,SN44985
1721,FV45 SKAFSÅ,SN37580
750,FV47 FERKINGSTAD,SN47220
964,FV472 SANDHORNØYA,SN80870
109,FV48 TYSSE VEST,SN50245
1333,FV50 VESTREDALEN,SN53990
1875,FV509 SUNDEKROSSEN,SN44563
1514,FV51 GOLSFJELLET,SN23300
1380,FV51 VALDRESFLYE,SN13760
1878,FV510 REGE,SN44545
521,FV520 ILSTAD,SN46820
1699,FV520 SVANDALSFOSSEN,SN46800
1764,FV53 BRENNBORG,SN54770
1586,FV53 NADDVIK,SN54740
1745,FV53 TYINOSEN,SN54815
301,FV542 BREMNES,SN48061
974,FV542 BØMLABRUA,SN48069
53,FV55 HERVAVATN,SN55260
43,FV55 INDRE HAFSLO,SN55520
1286,FV55 KONGSNES,SN55970
70,FV555 KROSSLEITET,SN50514
1224,FV569 FLERMOBERGET,SN120
972,FV57 MONGSTAD SØR,SN52555
796,FV57 SKODVIN,SN52415
1857,FV572 EDDEGJELET,SN49955
1370,FV580 HAUKELAND,SN50850
1887,FV5876 RUNDEBRUA,SN59815
726,FV60 KJELLSTADLIA,SN60247
1753,FV60 STRANDAFJELLET,SN60225
1810,FV60 UTVIKFJELLET,SN58350
472,FV609 HOLMEDAL VEST,SN57030
893,FV61 HAREIDSDALEN,SN59586
369,FV61 KVILEHYTTA,SN59530
805,FV614 GRYTADALEN,SN57789
1385,FV614 LANGESI,SN57830
1455,FV615 HYEN,SN58030
1844,FV62 EIDSØRA,SN63000
755,FV63 KORSMYRA,SN60310
157,FV63 TROLLSTIGEN,SN61310
1143,FV64 ISFJORDEN,SN61790
634,FV65 BYE,SN66175
465,FV65 NORDMARKA I SURNADAL,SN64970
458,FV65 ØVRE RINDAL,SN64590
44,FV650 LIABYGDA,SN60670
506,FV654 HERØYBRUA ,SN59820
580,FV658 GISKEBRUA,SN60980
684,FV659 LEPSØYBRUA,SN61025
1613,FV660 VISTDALSHEIA,SN61810
1076,FV7 GULLBOTN,SN50360
1808,FV7 KVAMSKOGEN,SN50311
869,FV7 ÅLVIK AUST,SN50040
209,FV700 VOLL,SN66630
1475,FV705 LANGSVOLA,SN11000
1656,FV710 KJØRMOEN,SN66045
1892,FV714 HITRA,SN65530
136,FV715 HOGSDALEN,SN71385
1278,FV715 MOMYR,SN71805
1775,FV72 INNSMOEN,SN70390
1923,FV74 SANDØLA,SN73210
39,FV755 MELTINGEN,SN71230
1608,FV76 ØSTERHOLTHEIA,SN35110
1722,FV770 RØRVIK,SN75190
1210,FV7862 KAPERSKARET,SN88430
1896,FV7940 ARNØYA,SN91728
1058,FV810 BUSTNESLIA,SN80000
732,FV812 HOGNDALEN,SN81340
1125,FV813 BEIARFJELLET,SN81420
1489,FV82 KJØLHÅGEN,SN87117
1203,FV835 ENGELØYBRUA,SN83280
1765,FV84 GUMPEN,SN89213
1557,FV848 FORNES,SN88023
293,FV86 ANDSVANNET,SN89233
820,FV862 SENJAHOPEN,SN88628
189,FV863 GAMNES,SN90630
1642,FV866 MAURSUND,SN91695
562,FV866 SKATTØRSUND,SN91715
1562,FV888 STORE REINOKSEVATN,SN96250
723,FV889 SELVIKHØYDEN,SN94430
231,FV890 GEDNJE,SN98265
1870,FV91 BREIVIKEIDET,SN91010
659,FV915 BØ,SN86810
196,FV98 IFJORDFJELLET,SN96650
654,FYRIEGG,SN31400
1979,Finnmark fylke,GF20
1357,FÅVANG,SN13150
759,FÆRDER FYR,SN27500
407,FØRDE LH - BRINGELAND,SN57000
566,G.O. SARS,SN77001
1228,GADDEDE,SN222200
1858,GADDEDE A,SN221900
767,GALATI,SN1531000
791,GALLIVARE,SN204900
274,GAMANJUNNI,SN91530
1374,GAMANJUNNI - 1100MOH,SN91528
1568,GAMVIK - SKJÅNES,SN96600
934,GARDERMOEN,SN4780
962,GARDERMOEN - SØRØST,SN4735
1575,GARDERMOEN PLU,SN4785
316,GARDERMOEN SØR,SN4781
742,GARGNÄS D,SN213540
251,GARTLAND,SN73550
1632,GAUSDAL - FOLLEBU,SN13030
1782,GAUSDAL - OVREHAGEN,SN13060
1627,GAUSTATOPPEN,SN31970
194,GAUSVIK,SN87750
607,GEILO,SN25640
1383,GEILO - OLDEBRÅTEN,SN25630
1321,GEITHUS,SN26500
1559,GELA,SN1645300
714,GENEVE / COINTRIN,SN670000
1477,GIELAS,SN211000
1084,GIMSØY - OSAN,SN86310
335,GIMSØY - ÅRRSTRANDA,SN86290
1388,GJEMNES - REINSFJELLET,SN62980
485,GJENGEDAL,SN57990
128,GJERPEN - ÅRHUS,SN30330
553,GJERSTAD JERNBANESTASJON,SN35210
1598,GJETTUM PLU,SN19490
47,GJØAFELTET,SN76954
1192,GLITRE,SN19930
224,GLITREVANN,SN19932
639,GLOMFJORD,SN80700
1696,GLOMFJORD - SKIHYTTA,SN80705
144,GLOMFJORD - TVERRFJELLET,SN80707
613,GLOMMERSTRÄSK,SN214910
799,GODAL,SN30380
1498,GOL - STAKE,SN24960
536,GOLIAT FPSO,SN76956
1400,GOMEL,SN3304100
1341,GORZOW WLKP,SN1230000
313,GOTEBORG,SN251300
948,GOTEBORG-LANDVETTER,SN252600
1894,GOTSKA SANDON,SN258900
408,GOTSKA SANDON,SN258400
1434,GOURDON,SN753500
1234,GRAN,SN20540
1890,GRANEFELTET,SN76960
1698,GRANTRÄSK D,SN226120
1269,GRANÖ D,SN226130
355,GRIMELI I KRØDSHERAD,SN24600
1309,GRIMSE,SN9050
513,GRODÅS,SN58950
619,GRONINGEN AP EELDE,SN628000
446,GROSET,SN31520
1090,GROTLI III,SN15890
1771,GROV - SOLHAUG,SN14711
1364,GRUNNFARNES,SN88460
590,GRUNNFJORD - STAKKEN,SN90650
717,GRUVEFJELLET - BLOCKFIELD PLATEAU,SN99867
396,GRYLLEFJORD,SN88500
166,GRYTÅI,SN37310
1377,GRØNNING,SN60620
173,GUBBHOGEN,SN223000
1904,GUDRUNFELTET,SN77041
663,GULLFAKS C,SN76923
1186,GULLFJELLET,SN50865
1470,GULLHOLMEN,SN17280
1757,GULLINGEN SKISENTER,SN46220
721,GULSVIK II,SN24710
1792,GUNNARN,SN212800
1222,GUNNARN,SN212600
1183,GVARV - NES,SN32060
479,GVARV - NES BIOFORSK,SN32061
236,HAFSLO,SN55550
1443,HAFSÅS,SN63530
1284,HAILUOTO MARJANIEMI,SN287300
1092,HAKADAL JERNBANESTASJON,SN4460
1735,HAKAVIK,SN26670
1163,HALDEN,SN1230
877,HALLHAXASEN,SN223600
417,HALMSTAD,SN261845
1262,HALTEN FYR,SN71850
710,HAMAR - STAVSBERG,SN12320
680,HAMAR II,SN12290
1240,HAMBURG-FUHLSBUETTEL,SN1014700
1885,HAMMARLAND MARKET,SN299300
777,HAMMER ODDE FYR,SN619300
1708,HAMMERDAL D,SN223620
922,HAMMERFEST LUFTHAVN,SN94280
1487,HAMRA,SN232900
1610,HANKO RUSSARO,SN298200
920,HANKO TVARMINNE,SN275000
89,HANNOVER,SN1033800
1710,HANO,SN262800
1481,HANSBU,SN31680
1361,HAPARANDA,SN219700
1413,HARADS D,SN217430
1692,HARSTAD STADION,SN87640
713,HARSTENA,SN256300
683,HASTVEDA,SN262900
938,HASVIK - SLUSKFJELLET,SN93000
330,HASVIK LUFTHAVN,SN92750
1326,HATLESTRAND,SN50150
1540,HATTSJÖBÄCKEN D,SN226530
156,HAUGESUND LUFTHAVN,SN47260
1050,HAUKEDAL,SN56960
1152,HAUKELISETER TESTFELT,SN33950
1713,HEATHROW,SN377200
926,HEDAL I VALDRES II,SN22730
1732,HEDEVIKEN,SN232520
210,HEDRUM,SN27800
624,HEGGERISET - NORDSTRAND,SN420
1204,HEIDRUN,SN76928
643,HEIMDAL,SN76932
1196,HEKKINGEN FYR,SN88690
134,HEL,SN1213500
434,HELLAND I GJESDAL,SN44520
1201,HELLIGVÆR II,SN82410
718,HELSINGBORG,SN261100
1302,HEMAVAN,SN210100
727,HEMAVAN,SN210400
478,HEMAVAN D,SN211040
1504,HEMAVAN-GIEREVARTO,SN210300
1826,HEMLING,SN226500
569,HEMNE - LENES,SN65230
1942,HEMSEDAL - HOLLEKOLTEN,SN25112
1751,HEMSEDAL - HØLTO,SN25100
933,HEMSEDAL II,SN25110
1573,HEMSEDAL SKISENTER,SN25115
1888,HERAKLEION (AIRPORT),SN1675400
804,HITRA - SANDSTAD II,SN65451
1842,HJARTDAL,SN31850
838,HJARTÅSEN,SN79764
504,HJELMELAND,SN45770
1179,HJELMSØYBANKEN,SN20926
1401,HJERKINN II,SN9310
77,HOBURG,SN268000
1156,HOBURG A,SN267900
1678,HOKKSUND,SN26820
379,HOKKSUND - LOE,SN26810
240,HOLMFORS D,SN227190
294,HOLMON,SN228700
841,HOLMÖN D,SN228490
206,HONNEGRASNUTEN,SN33300
1499,HONNINGSVÅG LUFTHAVN,SN94680
1002,HOPEN,SN99720
1849,HORBY,SN262300
41,HORN,SN255700
1769,HORNINDAL,SN58960
207,HORNSUND,SN99754
1720,HORTA/CASTELO BRANCO (ACORES),SN850500
1007,HORTEN - NYKIRKE,SN27120
1618,HORTEN - SKOPPUM,SN27161
82,HORTEN II,SN27160
1615,HOTING,SN224200
880,HOVDEN - LUNDANE,SN40880
1402,HOVLANDSDAL,SN56520
1884,HUBEHYTTA,SN98645
1493,HUD,SN250700
604,HUDIKSVALL,SN234720
784,HULDRAFELTET,SN76962
338,HUNDSEID I VIKEDAL,SN46850
9,HUNGE,SN233100
711,HURBANOVO,SN1185800
763,HURUM RADAR,SN19820
391,HUSNES,SN48450
549,HUSTADVATN,SN62700
970,HUSØY,SN88640
36,HVALER - BREKKE,SN1070
597,HYNNEKLEIV,SN38730
1964,Hedmark fylke,GF4
1972,Hordaland fylke,GF12
1420,HÄRNÖSAND,SN236100
1766,HÄRSNÄS,SN255210
1873,HÅKAFOT D,SN221990
1501,HÅSJØEN - SOLGLØTT,SN10300
1260,HÖGLAND D,SN224515
1724,HØIDALEN I SOLUM,SN32780
1251,HØNEFOSS - HVERVEN,SN20280
1332,HØNEFOSS - HØYBY,SN20301
153,HØVRINGEN II,SN16271
600,HØYANGER VERK,SN56010
349,HØYDALSMO II,SN32890
1611,HØYHOLM,SN76470
1552,IASI,SN1509000
1291,IBIZA/ES CODOLA,SN837300
1663,IGSI I HOBØL,SN3780
1145,ILOMANTSI MEKRIJARVI,SN293900
201,ILSENG,SN12180
1889,IMS,SN44760
985,INARI IVALO AIRPORT,SN280700
280,INARI NELLIM,SN283500
1740,INKOO BAGASKAR,SN298400
843,INNERDALEN,SN64700
704,INNVIK - HEGGDAL,SN58390
775,"IQALUIT A, NU",SN7190900
235,ISFJORD RADIO,SN99790
1368,ISKORAS II,SN97710
320,ISPARTA,SN1724000
1590,ISTAD KRAFTSTASJON,SN62160
1780,ISTANBUL/ATATURK,SN1706000
1619,ISTJØRNDALEN,SN99770
660,ITASMOBAWS1,SN76914
466,Ivano-Frankivsk,SN3352600
1289,JAN MAYEN,SN99950
1495,JANSSONHAUGEN,SN99875
1952,JANSSONHAUGEN VEST,SN99874
332,JELENIA GORA,SN1250000
515,JESSHEIM,SN4715
1132,JOHAN HJORT,SN77006
1347,JOHAN SVERDRUP,SN20929
220,JOKIOINEN OBSERVATORY,SN296300
1469,JOKKMOKK FPL,SN215100
785,JOMALA JOMALABY,SN274100
758,JOMFRULAND,SN34130
69,JONKOPING/AXAMO,SN255000
360,JORDALEN - NÅSEN,SN53160
427,JOSTEDALEN - MJØLVERSGRENDI,SN55430
901,JUNSELE,SN224300
172,JUNSELE,SN224400
1071,JUVFLYE - MIMISBRUNNR KLIMAPARK,SN15262
1954,JUVVASSHØE,SN15270
894,JYVASKYLA AIRPORT,SN293500
1464,JÄCKVIK,SN212310
1830,JÄRVSÖ,SN234730
830,JÖRN D,SN227180
1164,JØLSTER - KVAMSFJELLET,SN57340
988,JØSSINGFJORD,SN43090
1315,KAFFIØYRA,SN99890
1850,KAJAANI AIRPORT,SN289700
1237,KALAJOKI ULKOKALLA,SN290700
1177,KALEVALA,SN2240800
956,KALMAR,SN267000
1161,KALVTRÄSK D,SN228280
541,KANGOS D,SN207290
528,KANKAANPAA NIINISALO PUOLVOIM,SN294200
1463,KANSTADBOTN,SN85080
1453,KAPPFJELLET,SN77490
239,KARASJOK - MARKANNJARGA,SN97251
1795,KARESUANDO,SN208000
965,KARESUANDO,SN208100
1426,KARL XII-ØYA,SN99935
1024,KARLSHAMN,SN262810
1700,KARLSKRONA-SODERSTJERNA,SN266700
1548,KARLSTAD FLYGPLATS,SN241800
960,KARMSUND DYREHOSPITAL,SN47172
1685,KARMØY - BREKKEVANN,SN47240
1433,KARMØY - HARALDSVIK,SN47264
1336,KARMØY - HYDRO,SN47270
571,KARMØY - STORASUND,SN47262
1399,KATTERAT,SN84880
259,KATTERJAKK,SN202000
1023,KATTERJAKK A,SN201900
83,KAUHAVA AIRFIELD,SN291300
963,KAUTOKEINO,SN93700
197,KEFLAVIKURFLUGVOLLUR,SN401800
689,KEMI AJOS,SN286200
1907,KEMI I LIGHTHOUSE,SN286300
1119,KIELCE-SUKOW,SN1257000
81,KILAFORS D,SN244090
1867,KILSBERGEN-SUTTARBODA,SN245200
610,KINDSJÖN D,SN241090
169,KINLOSS,SN306600
1028,KIRKENES LUFTHAVN,SN99370
328,KIRKENES LUFTHAVN - HØYDE 212,SN99380
603,KISE PA HEDMARK,SN12550
1550,KISTEFJELL,SN89010
651,KITTELFJÄLL D,SN211025
753,KJELLER,SN4200
783,KJERRINGØY - STRANDÅ,SN82560
1288,KJEVIK,SN39040
1123,KLAUVA,SN99884
312,KLEINE BROGEL,SN647900
337,KLEVAVATNET,SN53480
644,KLODZKO,SN1252000
544,KLUKSDAL,SN69420
887,KLÆBU II,SN68262
76,KLÖVERTRÄSK D,SN217390
102,KLØFTA,SN4390
454,KOEBENHAVNS LUFTHAVN,SN618000
592,KOELN/BONN,SN1051300
288,KOKAR BOGSKAR,SN297900
1661,KOKSIJDE,SN640000
705,KOLER D,SN217380
570,KOLOBRZEG,SN1210000
1811,KOMMAGDALEN,SN98642
419,KONGSBERG BRANNSTASJON,SN28380
856,KONGSMARKA,SN85470
1486,KONGSVINGER,SN5590
1444,KONGSØYA,SN99740
483,KONNERUD,SN27010
1621,KORGÅSEN,SN96890
423,KORSVATTNET,SN222100
426,KOSICE,SN1196800
842,KOSTA (ORREFORS),SN266100
751,KOTKA HAAPASAARI,SN296700
825,KOTKA RANKKI,SN297600
367,KOTSØY,SN67560
1512,KRANGEDE,SN224700
1582,KRISTIANSAND - BRÅVANN,SN39201
1503,KRISTIANSAND - FIDJEÅSEN,SN39010
969,KRISTIANSAND - HOLDALSNUTEN,SN39160
93,KRISTIANSAND - HÅNES,SN39030
442,KRISTIANSAND - KVADRATUREN,SN39200
1730,KRISTIANSAND - SØMSKLEIVA,SN39150
1682,KRISTIANSAND BRANNSTASJON,SN39165
1263,KRISTIANSTAD,SN265220
630,KRISTIANSUND - KARIHOLA,SN64300
1065,KRISTIANSUND ELVERK,SN64320
441,KRISTIANSUND LUFTHAVN,SN64330
393,KRISTINEHAMN,SN241820
28,KRISTINFELTET,SN76963
195,KROKSTADELVA - LANGELØKKA,SN26840
1669,KRONPRINS HAAKON,SN77035
605,KROPPEFJALL-GRANAN,SN254000
1250,KRÅKENES,SN59110
943,KUGGOREN,SN235500
1657,KUMLINGE KK,SN279000
1320,KUSMARK D,SN217690
1353,KUSTAVI ISOKARI,SN296400
581,KUUSAMO AIRPORT,SN286900
642,KV4339 BLINDHEIM,SN50770
1430,KV4821 NIPEDALEN,SN50527
63,KV5738 NATTLANDSFJELLET,SN50505
8,KVADEHUKEN II,SN99895
952,KVALØYSLETTA,SN90560
119,KVAM - AKSNESET,SN50110
489,KVAMSKOGEN - JONSHØGDI,SN50310
1009,KVAMSØY,SN50070
1587,KVIKKJOKK ARRENJARKA,SN211900
558,KVIKKJOKK-ARRENJARKA,SN212000
327,KVIKKJOKK-ÅRRENJARKA,SN211905
1140,KVIKNE I ØSTERDAL,SN66850
1342,KVINESHEI - SØRHELLE,SN41860
1840,KVITEBJØRNFELTET,SN76969
881,KVITESEID - MOEN,SN32850
640,KVITFJELL,SN13160
779,KVITFOSSEN I VÅGAN,SN85440
840,KVITHAMAR,SN69150
438,KVITSØY - NORDBØ,SN44610
1104,KVITØYA,SN99938
885,KYPÄSJÄRVI D,SN218190
182,KYRKTÅSJÖ D,SN223090
1684,KYTHIRA,SN1674300
1115,Kyiv,SN3334500
277,KÄLLSJÖ,SN253920
1912,KÄRNA,SN251310
1089,LA CORUNA,SN800100
632,LADE,SN68050
587,LAHTI LAUNE,SN296500
212,LAKSFORS,SN77280
1283,LAMPEDUSA,SN1649000
1057,LANDSORT,SN256700
1068,LANDVIK,SN38140
546,LANGANGEN,SN30249
1497,LANGFJORDJØKELEN,SN92500
611,LAPPEENRANTA AIRPORT,SN295800
746,LAPPEENRANTA HIEKKAPAKKA,SN291900
199,LAPPSÆTRA,SN79720
899,LARISSA (AIRPORT),SN1664800
1053,LARVIK,SN30000
297,LAS PALMAS DE GRAN CANARIA/GANDO,SN6003000
1592,LAUDAL - KLEIVEN,SN41175
1209,LAVIK,SN56320
617,LE BOURGET,SN715000
356,LEBERGSFJELLET,SN60810
1796,LEBESBY - KARLMYHR,SN96220
855,LEEMING,SN325700
518,LEINSTRAND,SN67150
1298,LEIRFJORD,SN78250
1384,LEIRFLATEN,SN14200
568,LEKNES LUFTHAVN,SN85560
620,LEKNES NORD,SN85545
237,LEKSAND,SN244120
606,LEKSVIK - MYRAN,SN71280
1567,LEMLAND NYHAMN,SN298000
298,LENANGSSTRAUMEN,SN91180
1343,LERWICK,SN300500
998,LETAFORS D,SN241080
1834,LEUCHARS,SN317100
754,LEVANGER II,SN69865
200,LI BRU,SN8780
1788,LIAFOSS,SN75100
1051,LIARVATN,SN45530
78,LIDA,SN2683200
1109,LIEPAJA,SN2640600
543,LIER,SN19940
1155,LIER - SJÅSTAD,SN19945
602,LIERSKOGEN - HEIA,SN19925
386,LIFJELL - ØYSTEINNATTEN,SN32220
810,LILLE-LESQUIN,SN701500
1378,LILLEHAMMER - BJØRNERUD,SN12980
1743,LILLEHAMMER - NORDSETERVEGEN HØYDEBASSENG,SN12710
1301,LILLEHAMMER - RÅDHUSET,SN12648
118,LILLEHAMMER - SÆTHERENGEN,SN12680
494,LILLEHAMMER - VÅRSÆTERGRENDA,SN12700
12,LIMOGES-BELLEGARDE,SN743400
11,LINDENBERG,SN1039300
1783,LINDESNES FYR,SN41770
1522,LINGE,SN60650
1488,LINKOPING/MALMSLATT,SN256200
1296,LINNES,SN60
152,LIPERI JOENSUU AIRPORT,SN292900
929,LISBOA/GAGO COUTINHO,SN857900
757,LISTA FYR,SN42160
813,LITLEDAL,SN47600
782,LJOSLAND - MONEN,SN41550
1091,LJUBLJANA/BEZIGRAD,SN1401500
1637,LJUSNEDAL,SN230310
285,LOBONÄS D,SN232980
996,LODZ-LUBLINEK,SN1246500
377,LOGRONO/AGONCILLO,SN808400
828,LOM,SN1551100
681,LONGYEARDALEN - VALLEY BOTTOM,SN99855
1518,LOSISTUA,SN84210
1022,LOVIISA ORRENGRUND,SN299200
724,LUBLIN RADAWIEC,SN1249500
760,LULEA-KALLAX (2186-0),SN218600
1063,LUND,SN263100
1236,"LUND, SOL",SN263300
803,LUNNER,SN20520
1565,LUQA,SN1659700
1120,LURØY,SN80200
1138,LUXEMBOURG/LUXEMBOURG,SN659000
203,LUXEUIL,SN729200
1101,LYCKSELE,SN226100
950,LYNGDAL,SN41825
457,LYNGEN - GJERDELVDALEN,SN91120
1649,LYNGEN - GJERDVASSBU,SN91130
147,LYNGEN - URA,SN91150
795,LYNGSEIDET V,SN91245
1879,LYNGØR FYR,SN35860
1427,LYSEBOTN,SN45350
1379,LYSEKIL D,SN250590
1077,Lviv,SN3339300
1494,LÄNNÄS,SN226010
1429,LÅNGAN D,SN223190
1015,LÅNGTRÄSK D,SN214990
1124,LÆRDAL IV,SN54110
1809,LÖTEN D,SN241070
1672,LÖVBERGA D,SN224290
94,LØKEN I VOLBU,SN23500
1574,LØKSMYR,SN68270
1744,LØNSDAL STASJON,SN81775
1111,LØRENSKOG - HANEBORG,SN4110
399,MADRID/BARAJAS,SN822100
1717,MAGDEBURG,SN1036100
1043,MAJAVATN V,SN77425
1797,MAKKAUR FYR,SN98400
33,MALAGA/AEROPUERTO,SN848200
550,MALANGEN - PÅLFINNMOEN,SN90100
139,MALEXANDER,SN255200
861,MALILLA,SN256500
1467,MALIN HEAD,SN398000
1871,MALKÄLEN D,SN228270
1405,MALMO,SN263500
625,MALUNG,SN241000
1193,MALUNG A,SN240700
463,MALÅ,SN214710
324,MANDAL III,SN41090
578,MANNDALEN - VADDJA,SN91251
1397,MANNDALEN II,SN91510
946,MANNEN,SN61410
1643,MANNHEIM,SN1072900
181,MARBY D,SN231990
1270,MARIDALSOSET,SN18450
627,MARIGNANE,SN765000
1349,MARISTOVA,SN54600
292,MARKARYD,SN262910
1902,MARKUSVINSA,SN218410
693,MARSTEIN,SN61420
1432,MASESKAR,SN250500
1468,MAUDAL,SN43810
1395,MEHAMN LUFTHAVN,SN96310
309,MEININGEN,SN1054800
228,MELSOM,SN27450
1086,MERÅKER - VARDETUN,SN69380
378,MESSINA,SN1642000
890,MESTAD I ODDERNES,SN39220
1502,MIDTBOTN,SN47910
884,MIDTSTOVA,SN53530
1748,MIERKENIS,SN212100
416,MIKKELI AIRPORT,SN294700
365,MINNESUND JERNBANESTASJON,SN11450
131,MISKOLC,SN1277200
1313,MITTARFIK KANGERLUSSUAQ (SDR. STROEMFJORD LUFTHAVN),SN423100
137,MJØLFJELL UH,SN51800
1532,MJØNDALEN - ORKIDEHØGDA,SN26790
1695,MJØNDALEN - ÅSEN,SN26802
397,MO I RANA LUFTHAVN,SN79600
876,MODALEN III,SN52310
670,MOGEN,SN31660
1060,MOGILEV,SN2686300
1184,MOLDE - HINDALSRØRA,SN62295
594,MOLDE - NØISOMHED,SN62290
1845,MOLDE - NØISOMHED PLU,SN62291
163,MOLDE LUFTHAVN,SN62270
762,MONTELIMAR,SN757700
1711,MORTENHALSSKOLTEN,SN90110
798,MOSJØEN - SMALMOÅSEN,SN77240
1547,MOSJØEN LUFTHAVN,SN77230
737,MOSKVA VDNH,SN2761200
1039,MOSS BRANNSTASJON,SN17251
1880,MOSVIK - TRØAHAUGEN,SN71200
1936,MOZYR,SN3303600
1151,MS COLOR FANTASY,SN77042
540,MS NORDBJØRN,SN77037
331,MUENSTER/OSNABRUECK,SN1031500
1933,MULTRÅ D,SN226090
788,MUONIO ALAMUONIO,SN282300
1133,MUREN,SN19470
786,MURJEK D,SN216115
637,MUSTASAARI VALASSAARET,SN291000
1034,MYKEN,SN80610
1693,MYKLAND,SN38600
1654,MYKLEBUST I BREIM,SN58320
7,MYKLEBUSTFJELLET,SN57790
1802,MYRKDALEN-ONDRAHAUGEN,SN51980
1045,MYRKDALEN-VETLEBOTN,SN51990
116,MYTILINI (AIRPORT),SN1666700
563,Mohyliv-Podilskyi,SN3366300
1715,MÅR - SYNKEN,SN31210
1803,MÅSVIK,SN90720
1841,MÆRE III,SN70680
1648,MØSSTRAND II,SN31620
561,MØSVASSDAMMEN,SN31550
1974,Møre og Romsdal fylke,GF15
958,NADDERUD,SN19458
1956,NAGYKANIZSA,SN1292500
1534,NAIMAKKA,SN205500
1037,NAMSOS LUFTHAVN,SN72580
1553,NAMSSKOGAN,SN74350
1955,NAMSVATN II,SN74780
422,NANCY-ESSEY,SN718000
656,NARVIK - FAGERNESFJELLET,SN84630
1031,NARVIK - STASJONSVN.,SN84710
1040,NARVIK SENTRUM,SN84701
669,NEDRE SASSENDALEN,SN99882
1855,NELAUG,SN36560
448,NESBYEN - TODOKK,SN24890
1072,NESODDEN - TANGENÅSEN,SN17810
1707,NICE,SN769000
230,NIDINGEN,SN251800
1185,NIKELʼ,SN2200400
376,NIKKALUOKTA,SN203600
1166,NIMES-COURBESSAC,SN764500
1235,NJORD A,SN76964
1114,NJØS,SN55770
593,NORA-ÖSTANÖ D,SN226080
700,NORD-LENANGEN II,SN91200
27,NORD-ODAL,SN5350
1609,NORDANBÄCK D,SN228480
765,NORDDAL,SN60400
1173,NORDERNEY,SN1011300
79,NORDFJORDEID,SN58750
234,NORDFJORDEID - NYMARK,SN58780
1893,NORDKOSTER,SN250000
517,NORDLI - SANDVIKA,SN73466
1044,NORDNESFJELLET - JETTANII,SN91502
1798,NORDREISA - GALSOMELEN,SN91770
1113,NORDSTRAND,SN18160
1577,NORDSTRAUM I KVÆNANGEN,SN92350
387,NORDØYAN FYR,SN75410
192,NORHEIM,SN47170
229,NORNE,SN76930
1030,NORRKOPING,SN257400
623,NOTODDEN,SN30530
428,NOTODDEN LUFTHAVN,SN30650
1647,NUERNBERG,SN1076300
932,NUVSVÅG,SN92650
1928,NY-ÅLESUND,SN99910
1099,NY-ÅLESUND - RABBEN FLYPLASS,SN99902
1392,NYRUD,SN99540
1992,Nedbørregion Dovre/Nord-Østerdal,NR7
1997,Nedbørregion Finnmarksvidda,NR12
1996,Nedbørregion Hålogaland,NR11
1994,Nedbørregion Inntrøndelag,NR9
1993,Nedbørregion Møre og Romsdal,NR8
1991,Nedbørregion Sogn,NR6
1990,Nedbørregion Sunnhordland,NR5
1989,Nedbørregion Sør-Vestlandet,NR4
1988,Nedbørregion Sørlandet,NR3
1995,Nedbørregion Trøndelag/Helgeland,NR10
1998,Nedbørregion Varanger,NR13
1986,Nedbørregion Østfold,NR1
1987,Nedbørregion Østlandet,NR2
1976,Nord-Trøndelag fylke,GF17
1977,Nordland fylke,GF18
1411,NØTTERØY - BORGHEIM,SN27460
1437,NØTTERØY - FØYNLAND,SN27400
1584,NØTTERØY - KNARRBERG,SN27403
1742,NØTTERØY - TENVIK,SN27433
1755,NØTTERØY - TORØD,SN27406
253,NØTTERØY - VESTSKOGEN,SN27435
707,OBRESTAD FYR,SN44080
1525,ODDA - JORDAL,SN49220
821,ODENSE LUFTHAVN,SN612000
29,OKSFJORD,SN92170
1108,OKSØY FYR,SN39100
1461,OLANDS SODRA UDDE,SN264400
780,OLDEDALEN,SN58480
75,OLDEN D,SN222190
403,OLDERFJORD,SN94870
233,OLDERVIK,SN90980
1599,OLSTAPPEN,SN13640
245,OLSZTYN,SN1227200
1551,ONA II,SN62480
725,ONSØY - EVJA,SN17030
1247,ONSØY - ØYENKILEN,SN17005
1128,OPPDAL - MAURHAUGEN,SN66760
537,OPPDAL - SÆTER,SN63705
585,OPSTVEIT,SN47890
1478,OREBRO,SN243200
1093,ORKDAL - THAMSHAMN,SN66150
1382,ORLY,SN714900
1865,ORMEN LANGE,SN76933
1831,ORNSKOLDSVIK,SN226700
26,ORTNEVIK,SN52990
1556,OSBY,SN262920
49,OSEBERG A,SN76927
467,OSEBERG C,SN76965
1346,OSEBERG SØR,SN76967
283,OSKARSHAMN,SN256540
211,OSLO - AMMERUD,SN18245
679,OSLO - BESSERUD,SN18920
1431,OSLO - BJØLSEN,SN18390
14,OSLO - BLINDERN,SN18700
1264,OSLO - BLINDERN PLU,SN18701
1785,OSLO - BLINDERN TESTFELT,SN18703
389,OSLO - BROBEKK,SN18215
1106,OSLO - DISEN,SN18420
148,OSLO - ELVEBAKKEN,SN18317
863,OSLO - FURUSET,SN18235
6,OSLO - HAUGENSTUA,SN18269
1738,OSLO - HOVIN,SN18210
22,OSLO - HØYBRÅTEN,SN18260
1546,OSLO - HØYENHALL,SN18195
1703,OSLO - KJELSÅS,SN18440
1659,OSLO - KVÆRNERBYEN,SN18162
511,OSLO - LAMBERTSETER,SN18020
533,OSLO - LILLEAKER,SN18980
1529,OSLO - LJABRUVEIEN,SN17980
1261,OSLO - LYSAKER,SN18970
752,OSLO - LØREN,SN18205
433,OSLO - NYLAND,SN18233
1756,OSLO - RYEN,SN18165
1244,OSLO - SANDAKER,SN18405
1178,OSLO - SOFIENBERG,SN18315
738,OSLO - SOLLI PLASS,SN18645
1688,OSLO - TONSENHAGEN,SN18225
1579,OSLO - TRASOP,SN18180
584,OSLO - TØYEN,SN18310
1667,OSLO - VESTLI,SN18270
364,OSLO - ØSTENSJØ,SN18170
1836,OSTERSUND FROSON,SN222600
1081,OSTRAVA/MOSNOV,SN1178200
687,OTTA - SKANSEN,SN16040
1305,OTTERØY,SN75020
1335,OULU AIRPORT,SN287500
103,OVERHALLA - SKOGMO,SN72710
165,OVERHALLA - UNNSET,SN72650
1965,Oppland fylke,GF5
1963,Oslo fylke,GF3
87,PADUN,SN2210600
696,PAHAROVA,SN218400
647,PAJALA,SN209500
126,PALMA DE MALLORCA/SON SAN JUAN,SN830600
824,PANTELLERIA,SN1647000
421,PARAINEN UTO,SN298100
1594,PARAKKA,SN206490
1013,PASVIK - SVANVIK,SN99460
1441,PAYERNE (6610-0),SN661000
1517,PERPIGNAN,SN774700
101,PERUGIA S. EGIDIO (16181-0),SN1618100
891,PESCARA,SN1623000
507,PETROZAVODSK,SN2282000
739,PIACENZA S. DAMIANO,SN1608400
514,PIESTANY,SN1182600
111,PIETARSAARI KALLAN,SN292000
1953,PISA S. GIUSTO,SN1615800
1629,PITEÅ,SN217310
772,PLASSEN,SN100
873,PLATÅBERGET III,SN99843
1304,"PLYMOUTH, MOUNT BATTEN",SN382700
1213,POLARBJØRN,SN77000
589,POLARSTERN,SN20930
265,POLMAK TOLLSTED,SN96931
1041,PONZA,SN1628000
100,POPRAD/TATRY,SN1193400
1906,PORI AIRPORT,SN295200
340,PORSGRUNN,SN30261
1680,PORSGRUNN - HERØYA,SN30256
271,PORSGRUNN - KJØLNES,SN30270
424,PORSGRUNN - ÅS,SN30255
96,PORTALEGRE,SN857100
1816,PORVOO EMASALO,SN299100
1095,PORVOO KALLBADAGRUND,SN298700
1869,POSTMYR I DRANGEDAL,SN34900
1067,POZNAN-LAWICA,SN1233000
469,PRAHA/RUZYNE,SN1151800
1356,PRESTSTULEN,SN14550
1167,PRIBYSLAV,SN1165900
1616,PRZEMYSL,SN1269500
907,PSKOV,SN2625800
1243,PUDASJARVI AIRFIELD,SN286600
1281,PV98851 SKJELTENE,SN61030
187,PYRAMIDEN,SN99880
80,RAGNAROKK,SN98648
1328,RAKKESTAD,SN3290
151,RAKKESTAD - SANDER,SN3280
1846,RAMNES - BERG,SN27301
542,RAMNES - KILE VESTRE,SN27315
1287,RAMNICU VALCEA,SN1534600
1911,RANHEIM,SN69020
1458,RAULAND,SN33250
986,REBBENESØY - GRÅHAUGEN,SN90721
1373,REBOLY,SN2260200
1524,REFVIK,SN59250
372,REGENSBURG,SN1077600
744,REIMS-COURCY,SN707000
176,REINDALSPASSET,SN99763
1066,REINHAUGEN,SN98978
1329,REINLI,SN22840
31,REIPÅ,SN80740
1318,REKDAL,SN61060
1515,RENA - ØRNHAUGEN,SN7420
1162,RENA FLYPLASS,SN7950
823,RENNEBU - RAMSTAD,SN66620
250,RENNES-SAINT JACQUES,SN713000
487,RENSJON,SN203100
1285,REPVÅG,SN94800
1824,REVETAL,SN27316
1636,REYKJAVIK,SN403000
459,RHODES (AIRPORT),SN1674900
1229,RIGA LU,SN2642200
1014,RIHPOJAVRI,SN91430
1734,RIMINI,SN1614900
105,RISNES I FJOTLAND,SN42520
1662,RISSA III,SN71320
1937,RISØR BRANNSTASJON,SN35340
306,RITSEM,SN201300
1909,RJUKAN,SN31410
1021,ROALDSHORNET,SN60190
1255,RODKALLEN,SN218800
688,ROGNSUNDET,SN94230
583,ROISSY,SN715700
942,ROLVSØY - ELVENESVEIEN,SN3120
415,ROMA/FIUMICINO,SN1624200
359,RONNEBY-BREDAKRA,SN266400
1859,ROPARUDDEN,SN213000
954,ROSENDAL,SN48500
895,ROSIORII DE VEDE,SN1547000
1181,ROSS RIG,SN76946
1299,ROSSLARE,SN395700
491,ROTVÆR,SN85040
1606,ROUEN-BOOS,SN703700
1652,ROVANIEMI AIRPORT,SN284500
582,ROVERUD,SN5660
1112,RUSKSELE D,SN226190
488,RV 15 MÅLØYBRUA,SN59210
591,RV13 BOTNEN,SN46410
435,RV13 EIANE,SN46090
1917,RV13 JØRPELAND,SN45460
23,RV13 LÅTEFOSS ,SN49240
1853,RV13 SVELGANE,SN51597
851,RV13 VIKAFJELL,SN53010
318,RV13 ÅRDAL,SN45675
1025,RV15 BREIDALEN,SN15950
299,RV15 BREIDALEN II,SN15951
99,RV15 EIDEFOSSEN,SN14420
1658,RV15 FOSNES,SN58670
930,RV15 LOM,SN15050
1146,RV15 MARKANE,SN58910
1513,RV15 SKJERDINGSDALEN,SN58703
104,RV15 STRYNEFJELL-KVITENOVA,SN58705
1531,RV15 TOTLAND,SN58990
1938,RV150 AKER SYKEHUS,SN18410
1142,RV2 FØTTASKJÆRET,SN5680
1325,RV2 HASLEMOSLETTA,SN6170
931,RV2 SIGERNESSJØEN,SN5495
1217,RV2 SORMA,SN6580
665,RV2 UVESUND BRU,SN4960
635,RV22 GAUTESTAD,SN1380
1417,RV22 KROKEDAL,SN3990
1436,RV25 MIDTSKOGBERGET,SN90
1414,RV3 BERGERØNNINGEN,SN9400
1777,RV3 EBRU,SN6690
1372,RV3 EVENSTAD,SN8135
1633,RV3 KOPPANG,SN8230
1758,RV3 KVIKNESKOGEN,SN66900
1749,RV3 LITJFOSSEN,SN66810
1205,RV3 RENA,SN6840
1340,RV3 STABEKKEN,SN12280
967,RV3 SVINGEN,SN6700
599,RV3 ØSTLUND,SN8800
525,RV36 FJÆREKILEN,SN30428
1526,RV36 SELJORD,SN32290
345,RV36 ULEFOSS,SN32540
1926,RV4 EINA,SN11690
898,RV4 GJELLERÅSEN,SN18280
1877,RV4 LYGNA,SN11340
1644,RV4 STRYKEN,SN4543
481,RV4 ÅNEBY,SN4455
1268,RV41 HYNNEKLEIV,SN38735
612,RV41 ÅMLI,SN37070
439,RV5 FRUDALEN,SN55735
444,RV5 GROV,SN57700
572,RV5 KAUPANGER,SN55705
140,RV5 LUNDEBOTN,SN57380
1273,RV5 SVARTHUMLE,SN57630
1901,RV52 EIKREDAMMEN,SN25040
347,RV52 HEMSEDALSFJELLET,SN25165
501,RV555 SOTRABRUA,SN50525
222,RV555 SOTRABRUA VIND,SN50526
1895,RV651 STIGEDALEN,SN58810
1197,RV7 DYRANUT,SN49860
735,RV7 KVISLA,SN25580
1230,RV7 NESBYEN,SN24820
1018,RV7 RALLERUD,SN24240
1861,RV7 SKULEVIKA,SN49865
1800,RV7 SOKNA,SN24230
45,RV70 GRÅURA,SN63595
1195,RV70 RENSVIK,SN64242
286,RV705 SELBUSKOGEN,SN69190
1307,RV714 VÅVATNET,SN66120
1180,RV76 TOSENFJELLET,SN77350
1930,RV77 GRADDIS,SN81760
1150,RV80 BERTNES,SN82210
398,RV80 HUNSTAD,SN82220
450,RV80 NORDVIKA,SN82130
1127,RV85 LANGVASSBUKT,SN87315
534,RV9 BYKLE,SN40405
1087,RV9 DALEHEFTE,SN39450
1835,RV9 HEKNI,SN40005
16,RV9 HOVDEN,SN40905
1130,RV9 LONGERAK,SN39800
322,RV9 MOISUND,SN39520
576,RV9 REIMAMOEN,SN40300
1856,RV92 SUOSSJAVRI,SN97470
1233,RV94 SKJÅHOLMEN,SN94235
510,RYGGE,SN17150
702,RYGGE - HUGGENES,SN17380
174,RZESZOW-JASIONKA,SN1258000
1982,Region Agder,GR2
1985,Region Nord-Norge,GR5
1980,Region Norge,GR0
1984,Region Trøndelag,GR4
1983,Region Vestlandet,GR3
1981,Region Østlandet,GR1
1971,Rogaland fylke,GF11
1272,RÅDE - TOMB,SN17050
1706,RÖRASTRAND D,SN250580
1246,RØLDAL KRAFTVERK,SN46460
1129,RØLDALSFJELLET,SN46430
73,RØLDALSFJELLET - ELVERSHEI,SN46432
1941,RØROS LUFTHAVN,SN10380
1506,RØRVIK LUFTHAVN,SN75220
90,RØST LUFTHAVN,SN85890
1737,RØVÆR,SN47350
1563,RØYKEN - SKOGSBORG,SN19810
1175,S. MARIA DI LEUCA,SN1636000
124,SAARBRUECKEN/ENSHEIM,SN1070800
733,SADJEM D,SN204990
831,SAGRES (8538-0),SN853800
1660,SAITTAROVA,SN206400
282,SAITTAROVA D,SN206405
1187,SALAMANCA/MATACAN,SN820200
279,SALLA KK MYLLYTIE,SN284900
1303,SALTDAL - NORDNES,SN81650
1070,SAMNANGER II,SN50351
1293,SAMOS (AIRPORT),SN1672300
275,SAN SEBASTIAN/IGUELDO,SN802700
266,SAND I RYFYLKE II,SN46150
866,SANDANE,SN58070
658,SANDANE LUFTHAMN,SN58100
646,SANDANSKI,SN1571200
40,SANDE - GALLEBERG,SN26990
1919,SANDE - LAUVKOLLMYR,SN26996
13,SANDEFJORD,SN27600
1770,SANDEFJORD - ENGA,SN27630
214,SANDEFJORD - GJEKSTAD,SN27540
34,SANDEFJORD - MOSSERØD,SN27564
768,SANDEFJORD - SENTRUM,SN27590
269,SANDHAUG,SN29400
272,SANDHORNØYA - VÅTVIKFJELLET,SN80880
133,SANDNES - ROVIK,SN44730
1543,SANDNESSJØEN - STAMNESØRA,SN76790
344,SANDNESSJØEN - ÅSEN,SN76780
523,SANDNESSJØEN LH - STOKKA,SN76750
114,SANTANDER,SN802300
1082,SARNA,SN231600
500,SARPSBORG,SN3190
296,SATENAS,SN252000
1595,SATU MARE,SN1501000
729,SAUDA,SN46610
1762,SAUPSTAD,SN68120
1010,SBADCP SAILBOUY 1,SN20956
56,SCARABEO 8,SN76999
167,SCHWERIN,SN1016200
202,SELBU II,SN68290
1863,SELJELIA,SN78360
346,SENJA - BOTNHAMN,SN88650
1046,SENJA - LAUKHELLA,SN88200
1786,SENJA - MEDBY,SN88450
382,SENJAHOPEN,SN88626
1350,SETSÅ,SN82000
573,SG644 GLIDER,SN20957
1215,SHANNON AIRPORT,SN396200
555,SIFJORD,SN88440
1925,SIGDAL - NEDRE EGGEDAL,SN26350
1144,SIHCCAJAVRI,SN93900
616,SIILINJARVI KUOPIO AIRPORT,SN291700
1277,SIOFOK,SN1293500
1159,SIRDAL - SINNES,SN42940
1864,SIRDAL - SMØLEHEIKNUDEN,SN42930
1946,SISOVATNET,SN82720
1365,SJUFJELLET,SN89985
473,SJURSNES,SN91060
460,SJUSJØEN - STORÅSEN,SN12960
1913,SKAGEN FYR,SN604100
32,SKAGSUDDE,SN226900
648,SKAMDAL,SN79220
774,SKARA,SN254290
520,SKARDSBØFJELLET,SN55720
636,SKARE,SN49245
682,SKEDSMO - HELLERUD,SN4260
1768,SKEI I JØLSTER,SN57390
432,SKIBOTN II,SN91380
170,SKIEN - BORGEÅSEN,SN30285
816,SKIEN - ELSTRØM,SN30320
910,SKIEN - GIMSØY,SN30293
1032,SKIEN - JØNNEVALL,SN30350
339,SKIEN - KJØRBEKKSVINGEN,SN30288
1061,SKIEN - KLYVE,SN30278
829,SKIEN - KOLLMYR,SN30410
1439,SKIEN - LANGEDUKEN,SN30325
1410,SKIEN - PETERSBORG,SN30340
361,SKIEN - RØDMYRLIA,SN30282
836,SKIEN - STALSBERG,SN30275
443,SKILLINGE,SN262500
560,SKISTUA,SN68110
1603,SKJEGGEDAL,SN49420
1790,SKJERVØY,SN91725
1249,SKJETLEIN,SN67140
1393,SKJOLDEN,SN55300
844,SKJÅK,SN15660
1242,SKJÅK II,SN15480
981,SKLINNA FYR,SN75550
121,SKOGFOSS,SN99500
1763,SKOTSELV,SN26060
462,SKREDDERDALEN,SN50570
882,SKRIVERBERGET,SN19527
846,SKROVA FYR,SN85380
342,SKRÖVEN D,SN218490
1570,SKUDENES INDUSTRI,SN47192
420,SKUDENES UNGDOMSSKOLE,SN47194
1624,SKULAFOSSEN KRAFTSTASJON,SN50120
1726,SKURDEVIKÅI,SN29900
1308,SKYROS (AIRPORT),SN1668400
1944,SKÅBU,SN13655
1596,SKÖVDE,SN254480
736,SLEIPNER A,SN76926
1147,SLEIPNER B,SN76961
1352,SLETTNES FYR,SN96400
1612,SLIVEN *,SN1564000
1793,SLOKUM GLIDER 1,SN20955
574,SLÅTTERØY FYR,SN48330
747,SMØLA - MOLDSTAD,SN65370
801,SNORRE A,SN76935
57,SNORRE B,SN76936
273,SNÅSA - KJEVLIA,SN70850
629,SNÅSA - NAGELHUS,SN70930
849,SNØHEIM,SN9380
1560,SODANKYLA ARCTIC RESEARCH CENTRE,SN283600
529,SOFIA (OBSERV.),SN1561400
1806,SOGNDAL - SELSENG,SN55730
1651,SOGNDAL LUFTHAMN,SN55700
219,SOGNEFJELLHYTTA,SN55290
853,SOKNA II,SN24210
1521,SOKNEDAL,SN67280
1823,SOLA,SN44560
1929,SOLA - GRANNES,SN44554
1694,SOLA PLU,SN44548
567,SOLA RADIOSONDESTASJON,SN44550
311,SOLBERGELVA - OLLEVEIEN,SN26780
748,SOLVÆR III,SN80102
1396,SOPNESBUKT,SN92910
1327,SORSELE,SN213590
303,SORTAVALA,SN2280200
532,SORTLAND - KLEIVA,SN86520
1779,SPØRTEGGBU,SN55425
911,ST-HUBERT,SN647600
1939,ST.PETERSBURG (VOEJKOVO),SN2606300
2,STADLANDET,SN59450
205,STAKKEVOLLAN,SN90495
959,STANGE - RÅDHUSET,SN12110
1358,STATFJORD A,SN76922
1445,STATFJORD B,SN76934
1874,STATSRAAD LEHMKUHL,SN20931
1026,STAVANGER - HUNDVÅG,SN44660
315,STAVANGER - MADLA,SN44580
1630,STAVANGER - TASTA,SN44620
154,STAVANGER - VÅLAND,SN44640
242,STEIGEN,SN83300
252,STEINFJORD,SN88623
1812,STEINKJER - SØNDRE EGGE,SN71000
353,STEKENJOKK,SN210200
1323,STOCKHOLM/BROMMA,SN246400
388,STOKKE - SOLLI,SN27770
1241,STOKMARKNES LH - SKAGEN,SN86600
411,STOKMARKNES LH - VEST,SN86598
871,STORA SJOFALLET,SN202400
822,STORD LUFTHAVN,SN48120
1572,STORFORSHEI,SN79700
1314,STORGAMA,SN37150
1537,STORLIEN-STORVALLEN,SN220600
425,STORLIEN-STORVALLEN A,SN220700
991,STORNOWAY AIRPORT,SN302600
618,STORON,SN219100
295,STORSTILLA,SN81930
1817,STRASBOURG-ENTZHEIM,SN719000
1650,STRAUMSNES,SN84500
1006,STRAUMØY,SN47450
1103,STRENGEN,SN31250
1105,STRYN,SN58560
1927,STRYN - KROKEN,SN58900
287,STRØMSFOSS SLUSE,SN1650
697,STRØMTANGEN FYR,SN17000
354,STUGUDAL - KÅSEN,SN68840
1728,STUTTGART-ECHTERDINGEN,SN1073800
1593,STYRKESNES - HESTVIKA,SN82840
1408,STÄLLDALEN,SN243170
1747,SULA,SN65940
221,SULA - LANGEVÅG,SN60870
180,SULDALSVATN,SN46300
889,SULINA,SN1536000
385,SULITJELMA - FAGERLI,SN81915
1200,SUNDSVALL HARNOSAND (2366-0),SN236600
987,SUNNDALSØRA III,SN63420
1679,SUOLOVUOPMI - LULIT,SN93301
1059,SUOMUSSALMI PESIO,SN288900
708,SURNADAL - SYLTE,SN64760
771,SUSENDAL,SN77850
1604,SUWALKI,SN1219500
120,SVALBARD LH - PLATÅBERGET,SN99841
734,SVALBARD LUFTHAVN,SN99840
143,SVANEHOLM D,SN240890
1709,SVARTBERGET D,SN212190
577,SVARTTJØRNBEKKEN,SN69010
1421,SVEG A,SN232700
874,SVELGEN II,SN57810
1825,SVELVIK - BOKERØYA,SN26975
622,SVELVIK - KNEM,SN26950
366,SVENNER FYR,SN29950
1274,SVENSKA HOGARNA,SN249600
1324,SVENSKA HOGARNA A,SN249800
410,SVERRESBORG,SN68125
1257,SVILAND,SN44800
108,SVINØY FYR,SN59800
1492,SVOLVÆR LH - NORD,SN85448
85,SVOLVÆR LUFTHAVN,SN85450
1425,SYGNA,SN56780
1899,SYKKYLVEN - STRAUMGJERDET,SN60030
1422,SYKKYLVEN - VIK,SN60010
902,SYLARNA,SN220900
522,SYLLING,SN19958
664,SZCZECIN,SN1220500
37,SZEGED,SN1298200
814,SZOLNOK,SN1286000
912,SZOMBATHELY,SN1281200
1452,Shepetivka,SN3331700
1973,Sogn og Fjordane fylke,GF14
1541,SÆDALEN,SN50503
1778,SÆRHEIM,SN44300
1507,SÆTERTINDEN VED TJELDSUNDET,SN87772
1394,SÖDERSEL D,SN226590
1959,SÖDERTÄLJE,SN248690
1448,SÖLJE D,SN241190
941,SØLENDET,SN10800
1360,SØMNA - KVALØYFJELLET,SN76240
615,SØMNA - STEIN,SN76250
1527,SØREBØ,SN52970
1689,SØRKAPPØYA,SN99752
1620,SØRKJOSEN LUFTHAVN,SN91740
916,SØRLI,SN73250
1424,SØYLAND I GJESDAL,SN44480
1975,Sør-Trøndelag fylke,GF16
1626,TAFJORD,SN60500
940,TAKLE,SN52860
1580,TALLINN-HARKU,SN2603800
1581,TALLJÄRV D,SN218180
766,TAMOKDALEN,SN89980
1016,TAMPERE-PIRKKALA AIRPORT,SN294400
260,TANA BRU,SN96850
1035,TANANGER,SN44552
1949,TANNAS,SN230800
456,TARFALA,SN202900
686,TENNHOLMEN,SN82450
794,TERESPOL,SN1239900
264,TERIBERKA,SN2202800
730,TESSUNGDALEN - BAKKHUS,SN31080
524,THYBOROEN,SN605200
1218,TIME - LYE,SN44190
1221,TINGSRYD-DEGERHAGA,SN264870
123,TINGVOLL,SN64510
1117,TINNOSDAMMEN,SN30810
247,TIREE,SN310000
98,TJELTA,SN44530
1687,TJØLLING,SN27780
406,TJØME,SN27420
1447,TJØTTA,SN76530
1362,TOFTE - RULLETO,SN19825
1951,TOMREFJORD,SN61062
127,TONSTAD - NETTFED,SN42810
979,TORP,SN27470
482,TORSHAVN,SN601100
526,TORSVÅG FYR,SN90800
1212,TORUN,SN1225000
653,TORUNGEN FYR,SN36200
431,TORUP,SN261800
676,TORVHAUGDALEN,SN98976
263,TOULOUSE BLAGNAC,SN763000
1829,TOURS,SN724000
1725,TOVDAL,SN38800
1851,TRANSOCEAN ENABLER,SN77032
1098,TRESFJORDEN,SN61090
1345,TROLL A,SN76931
833,TROLL AIRFIELD,SN92100
217,TROLL B,SN76957
1174,TROLL C,SN76937
357,TROLL I ANTARKTIS,SN99990
496,TROLLEDALSEGGA,SN58860
447,TROLLHEIMEN - STORHORNET,SN63630
390,TROMSDALEN,SN90510
552,TROMSØ,SN90450
1828,TROMSØ - HOLT,SN90400
1442,TROMSØ - LANGNES,SN90490
1141,TROMSØ LH - STORKJØLEN,SN90491
1807,TROMSØ PLU,SN90451
516,TRONDHEIM - GLØSHAUGEN,SN68173
1194,TRONDHEIM - HØVRINGEN,SN68010
268,TRONDHEIM - RISVOLLAN,SN68230
761,TRONDHEIM - VOLL,SN68860
850,TRONDHEIM - VOLL PLU,SN68863
845,TROYES-BARBEREY,SN716800
1207,TRYSIL - NORDRE KANKEN,SN210
1094,TRYSIL VEGSTASJON,SN180
800,TRYVANNSHØGDA,SN18950
1418,TRÆNA - HUSØY,SN80340
138,TUDDAL,SN31900
42,TUFSINGDAL - MIDTDAL,SN810
886,TULLINGE,SN246900
1718,TULLUS D,SN223180
362,TUNHOVD,SN29600
1300,TUNNSJØ,SN73800
302,TURKU AIRPORT,SN297200
961,TUSSAFOTEN,SN49720
1211,TUSTNA,SN65130
1746,TVEITSUND,SN37230
88,TWENTE AWS,SN629000
1019,TYNSET - HANSMOEN,SN9580
1791,TYSSEDAL IA,SN49351
1801,TYSSEDAL V,SN49360
1968,Telemark fylke,GF8
2003,Temperaturregion Finnmarksvidda,TR5
2001,Temperaturregion Midt-Norge,TR3
2002,Temperaturregion Nordland/Troms,TR4
2004,Temperaturregion Varanger,TR6
2000,Temperaturregion Vestlandet,TR2
1999,Temperaturregion Østlandet,TR1
1978,Troms fylke,GF19
319,TÄRENDÖ D,SN209590
1220,TÅGDALEN,SN64870
925,TÖCKSFORS D,SN240880
1369,TØNSBERG - BARKÅKER,SN27281
1330,TØNSBERG - EIK,SN27272
171,TØNSBERG - KARLSVIK,SN27262
564,TØNSBERG - KILEN,SN27270
404,TØNSBERG - TARANRØD,SN27330
474,TØNSBERG - VALLØ,SN27261
674,TØNSBERG - VEAR,SN27282
193,TØNSBERG GJESTEHAVN,SN27271
1001,TØRDAL - SUVDØLA,SN34800
383,UCCLE,SN644700
860,UDINE/RIVOLTO,SN1604500
1676,UKKESTAD,SN4740
490,ULA,SN76938
333,ULLANDHAUG,SN44562
966,ULLENSAKER − BORGEN,SN4807
776,ULLENSVANG FORSØKSGARD,SN49490
756,ULRICEHAMN,SN253680
1838,ULVIK - HJELTNES,SN49910
1171,ULVSJÖ,SN232150
579,UNDRUMSDAL,SN27318
1600,USAK,SN1718800
110,USTICA,SN1640000
1403,USTKA,SN1211500
150,UTGÅRD,SN70820
112,UTKLIPPAN,SN263200
1459,UTSIRA FYR,SN47300
461,UTSJOKI KEVO,SN280500
1623,UVDAL KRAFTVERK,SN29350
909,Uman,SN3358700
598,Uzhhorod,SN3363100
371,VAALA PELSO,SN271400
1847,VAASA AIRPORT,SN291100
740,VADEROARNA,SN250100
709,VADSØ LUFTHAVN,SN98790
122,VAJDA-GUBA,SN2200300
1631,VALDALEN,SN730
1295,VALEMON,SN20953
1292,VALENCIA/AEROPUERTO,SN828400
1069,VALENTIA OBSERVATORY,SN395300
213,VALHALL A,SN76939
329,VALLDAL - MURI,SN60640
18,VALLE,SN40250
652,VALLERUDÅSEN,SN4090
1136,VALLEY,SN330200
749,VALLJORD,SN82650
1837,VALNESFJORD,SN82110
678,VANG I VALDRES,SN23720
1799,VANGSNES,SN53101
789,VANTAA HELSINKI-VANTAA AIRPORT,SN297400
1297,VARDØ LUFTHAVN,SN98580
1227,VARDØ RADIO,SN98550
870,VARNA,SN1555200
1466,VARNTRESK,SN78800
1922,VASTMARKUM,SN226000
575,VATS I VINDAFJORD,SN46930
241,VAXJO,SN264800
1258,VEA,SN12600
1116,VEGA - VALLSJØ,SN76450
1712,VEGGLI II,SN28922
875,VEIHOLMEN,SN65310
1934,VEITASTROND,SN55670
978,VENABU,SN13420
1479,VERA II,SN70510
650,VERLEGENHUKEN,SN99927
1005,VERMUNDSJØEN,SN6440
666,VESLEFRIKK A,SN76995
906,VEST-TORPA II,SN21680
1102,VESTFJORDEN,SN20932
706,VESTFOSSEN,SN26630
375,VESTNES - RÅDHUSET,SN61064
852,VIDSEL,SN215400
547,VIGO/PEINADOR,SN804500
1916,VIGRA,SN60990
745,VIK I SOGN III,SN53070
815,VIKSDALEN I GAULAR,SN56850
973,VILHELMINA,SN224500
1702,VILNIUS (26730-0),SN2673000
1083,VISBY,SN259000
614,VISUNDFELTET,SN76968
1189,VITTANGI,SN207280
363,VLISSINGEN AWS,SN631000
1416,VOLDA,SN59660
900,VOLDA - BRATTEBERG SKOLE,SN59667
117,VOLDA BRANNSTASJON,SN59665
492,VOSSEVANGEN,SN51530
1496,VYBORG,SN2289200
1970,Vest-Agder fylke,GF10
1967,Vestfold fylke,GF7
993,Vinnytsia,SN3356200
223,Volodymyr-Volynskyi,SN3317700
712,Voznesensk,SN3377700
276,VÄNNÄS D,SN228790
586,VÄRMLANDS-EKENÄS D,SN240390
401,VÄSTERÅS,SN248190
1914,VÄSTERÖVSJÖ D,SN224780
1219,VÅGSLI,SN33890
60,VÅLE,SN27214
351,VÆRNES,SN69100
1311,VÆRØY HELIPORT,SN85840
1716,WARSZAWA-OKECIE,SN1237500
1819,WEST HERCULES,SN77029
633,WEST VENTURE,SN76950
255,WICK AIRPORT,SN307500
1520,WIEN/HOHE WARTE,SN1103500
741,WIEN/SCHWECHAT-FLUGHAFEN,SN1103600
61,WISTING,SN20925
935,WROCLAW II,SN1242400
531,WUERZBURG,SN1065500
227,YANISKOSKI,SN2210100
1476,YLINENJARVI,SN219900
451,YLIVIESKA AIRFIELD,SN275500
1419,YLJA KRAFTVERK,SN23800
486,YME,SN76929
1038,YTRE HOLMEBUKT,SN91080
1701,YTRE SOLUND,SN56400
892,YTTERHOGDAL,SN232590
1137,YTTERRISSJÖ D,SN225490
1460,YTTERØYANE FYR,SN57770
24,ZIELONA GORA,SN1240000
1062,ZONGULDAK,SN1702200
1003,ZUERICH / KLOTEN,SN667000
159,ÅFJORD II,SN71780
1634,ÅKERNESET,SN60240
208,ÅKNESSKARET,SN60242
0,ÅKRA UNGDOMSSKOLE,SN47230
879,ÅKREHAMN AMFI,SN47232
990,ÅKRESTRØMMEN,SN7660
809,ÅL III,SN25320
957,ÅLEN,SN67780
350,ÅLESUND IV,SN60945
1881,ÅLFOTEN II,SN57940
1317,ÅMOTSDAL,SN32350
1920,ÅNDALSNES - KAMSHAUGEN,SN61340
232,ÅNGÅRDSVATNET,SN63580
1472,ÅNSTADBLÅHEIA,SN87000
1279,ÅRNES,SN4920
1668,ÅRVIKSAND,SN91731
471,ÅS,SN17850
1011,ÅS - RUSTADSKOGEN,SN17870
95,ÅSANE,SN50810
924,ÅSARNA D,SN231980
1617,ÅSERAL,SN41480
1387,ÅSGARD B,SN76958
928,ÅSGÅRDSTRAND,SN27162
477,ÖSTMARK-ÅSARNA,SN242370
955,ÖVERTORNEÅ,SN219790
807,ØKSFJORD - DEALLJA,SN92860
1238,ØKSFJORD - PARKVEIEN,SN92880
1787,ØLJUSJØ PUMPEKRAFTVERK,SN54420
1640,ØRJE,SN1950
1852,ØRLAND III,SN71550
984,ØRSKOG,SN60800
146,ØRSTA - EITREFJELL,SN59695
317,ØRSTA-VOLDA LUFTHAMN,SN59680
130,ØSAKER,SN3370
1052,ØSTRE TOTEN - APELSVOLL,SN11500
1554,ØSTÅS I HEGRA,SN69550
1638,ØVERBYGD II,SN89820
175,ØVRE HEIMDALSVATN,SN13750
859,ØVRE KROSSDALEN,SN49080
968,ØVRE LEIRBOTN,SN94050
1199,ØVRE NEIDEN,SN99340
951,ØVRE ÅRDAL,SN54780
216,ØVREVOLL,SN19510
1697,ØVSTEDAL,SN51250
1961,Østfold fylke,GF1
1960,,idf_bma1km
